{
  "language": "Toki Pona",
  "iso639_3": "tok",
  "alphabetical": [
    "A",
    "E",
    "I",
    "J",
    "K",
    "L",
    "M",
    "N",
    "O",
    "P",
    "S",
    "T",
    "U",
    "W"
  ],
  "uppercase": [
    "A",
    "E",
    "I",
    "J",
    "K",
    "L",
    "M",
    "N",
    "O",
    "P",
    "S",
    "T",
    "U",
    "W"
  ],
  "lowercase": [
    "a",
    "e",
    "i",
    "j",
    "k",
    "l",
    "m",
    "n",
    "o",
    "p",
    "s",
    "t",
    "u",
    "w"
  ],
  "frequency": {
    "a": 0.17065944889523116,
        "e": 0.07828755935254256,
        "i": 0.14291106194379785,
        "j": 0.020844897315531172,
        "k": 0.04523183545371988,
        "l": 0.107610309772539,
        "m": 0.04561850178062244,
        "n": 0.12083932075245932,
        "o": 0.07618471497299799,
        "p": 0.04346026107917205,
        "s": 0.042948768373575065,
        "t": 0.045893636846087965,
        "u": 0.032141684587376804,
        "w": 0.02736799887434674
  },
  "script": "Latn",
  "digits": [
    "0",
    "1",
    "2",
    "3",
    "5",
    "6",
    "7",
    "8",
    "9"
  ]
}
